YEAR,TEAM,PAYROLL,DIVISION,WINS,LOSSES,*DATA COURTESY OF BASEBALL REFERENCE & STEVETHEUMP.COM*
2016,Dodgers,"$223,352,402",NL West,91,71,
2017,Dodgers,"$242,065,828",NL West,104,58,
2018,Dodgers,"$186,140,000",NL West,92,71,
2019,Dodgers,"$196,729,548",NL West,106,56,
2020,Dodgers,"$105,747,176",NL West,43,17,
2021,Dodgers,"$235,412,876",NL West,106,56,
2022,Dodgers,"$277,108,333",NL West,111,51,
2023,Dodgers,"$218,332,634",NL West,100,62,
2024,Dodgers,"$220,691,666",NL West,98,64,
2025,Dodgers,"$331,013,580",NL West,93,69,
2016,Yankees,"$213,472,857",AL East,84,78,
2017,Yankees,"$201,539,699",AL East,91,71,
2018,Yankees,"$168,540,000",AL East,100,62,
2019,Yankees,"$208,084,848",AL East,103,59,
2020,Yankees,"$110,852,878",AL East,33,27,
2021,Yankees,"$191,205,631",AL East,92,70,
2022,Yankees,"$240,290,714",AL East,99,63,
2023,Yankees,"$268,954,047",AL East,82,80,
2024,Yankees,"$293,666,666",AL East,94,68,
2025,Yankees,"$287,547,080",AL East,94,68,
2016,Red Sox,"$182,161,414",AL East,93,69,
2017,Red Sox,"$199,805,178",AL East,93,69,
2018,Red Sox,"$235,650,000",AL East,108,54,
2019,Red Sox,"$222,171,123",AL East,84,78,
2020,Red Sox,"$84,478,422",AL East,24,36,
2021,Red Sox,"$180,261,996",AL East,92,70,
2022,Red Sox,"$195,166,000",AL East,78,84,
2023,Red Sox,"$175,783,182",AL East,78,84,
2024,Red Sox,"$162,324,847",AL East,81,81,
2025,Red Sox,"$197,964,402",AL East,89,73,
2016,Tigers,"$172,282,250",AL Central,86,75,
2017,Tigers,"$199,750,600",AL Central,64,98,
2018,Tigers,"$129,920,000",AL Central,64,98,
2019,Tigers,"$116,478,400",AL Central,47,114,
2020,Tigers,"$43,069,928",AL Central,23,35,
2021,Tigers,"$80,398,600",AL Central,77,85,
2022,Tigers,"$116,040,000",AL Central,66,96,
2023,Tigers,"$105,338,500",AL Central,78,84,
2024,Tigers,"$95,073,933",AL Central,86,76,
2025,Tigers,"$143,669,965",AL Central,87,75,
2016,Giants,"$166,495,942",NL West,87,75,
2017,Giants,"$172,354,611",NL West,64,98,
2018,Giants,"$208,510,000",NL West,73,89,
2019,Giants,"$178,286,222",NL West,77,85,
2020,Giants,"$71,170,857",NL West,29,31,
2021,Giants,"$127,889,903",NL West,107,55,
2022,Giants,"$142,292,500",NL West,81,81,
2023,Giants,"$175,590,000",NL West,79,83,
2024,Giants,"$188,767,909",NL West,80,82,
2025,Giants,"$169,919,523",NL West,81,81,
2016,Nationals,"$166,010,977",NL East,95,67,
2017,Nationals,"$167,846,918",NL East,97,65,
2018,Nationals,"$181,590,000",NL East,82,80,
2019,Nationals,"$161,877,935",NL East,93,69,
2020,Nationals,"$66,525,837",NL East,26,34,
2021,Nationals,"$161,907,528",NL East,65,97,
2022,Nationals,"$114,623,095",NL East,55,107,
2023,Nationals,"$79,983,095",NL East,71,91,
2024,Nationals,"$95,371,429",NL East,71,91,
2025,Nationals,"$113,027,012",NL East,66,96,
2016,Angels,"$146,449,583",AL West,74,88,
2017,Angels,"$160,375,333",AL West,80,82,
2018,Angels,"$175,100,000",AL West,80,82,
2019,Angels,"$159,378,583",AL West,72,90,
2020,Angels,"$69,282,429",AL West,26,34,
2021,Angels,"$177,353,000",AL West,77,85,
2022,Angels,"$169,413,094",AL West,73,89,
2023,Angels,"$204,088,094",AL West,73,89,
2024,Angels,"$158,818,094",AL West,63,99,
2025,Angels,"$192,402,601",AL West,72,90,
2016,Rangers,"$144,307,373",AL West,95,67,
2017,Rangers,"$175,909,063",AL West,78,84,
2018,Rangers,"$144,000,000",AL West,67,95,
2019,Rangers,"$127,660,652",AL West,78,84,
2020,Rangers,"$63,687,408",AL West,22,38,
2021,Rangers,"$84,868,750",AL West,60,102,
2022,Rangers,"$134,961,333",AL West,68,94,
2023,Rangers,"$183,578,160",AL West,90,72,
2024,Rangers,"$221,955,000",AL West,78,84,
2025,Rangers,"$214,389,983",AL West,81,81,
2016,Phillies,"$133,048,000",NL East,71,91,
2017,Phillies,"$111,378,000",NL East,66,96,
2018,Phillies,"$96,850,000",NL East,80,82,
2019,Phillies,"$140,711,962",NL East,81,81,
2020,Phillies,"$74,604,761",NL East,28,32,
2021,Phillies,"$174,009,000",NL East,82,80,
2022,Phillies,"$221,738,462",NL East,87,75,
2023,Phillies,"$232,424,939",NL East,90,72,
2024,Phillies,"$236,182,617",NL East,95,67,
2025,Phillies,"$283,231,784",NL East,96,66,
2016,Blue Jays,"$126,369,628",AL East,89,73,
2017,Blue Jays,"$177,795,368",AL East,76,86,
2018,Blue Jays,"$162,316,000",AL East,73,89,
2019,Blue Jays,"$112,037,006",AL East,67,95,
2020,Blue Jays,"$50,989,164",AL East,32,28,
2021,Blue Jays,"$137,133,333",AL East,91,71,
2022,Blue Jays,"$168,070,905",AL East,92,70,
2023,Blue Jays,"$205,680,777",AL East,89,73,
2024,Blue Jays,"$221,876,784",AL East,74,88,
2025,Blue Jays,"$243,329,047",AL East,94,68,
2016,Mariners,"$122,706,842",AL West,86,76,
2017,Mariners,"$154,800,918",AL West,78,84,
2018,Mariners,"$162,480,000",AL West,89,73,
2019,Mariners,"$150,906,143",AL West,68,94,
2020,Mariners,"$48,421,623",AL West,27,33,
2021,Mariners,"$64,553,500",AL West,90,72,
2022,Mariners,"$92,745,714",AL West,90,72,
2023,Mariners,"$129,814,047",AL West,88,74,
2024,Mariners,"$129,158,333",AL West,85,77,
2025,Mariners,"$147,901,560",AL West,90,72,
2016,Cardinals,"$120,301,957",NL Central,86,76,
2017,Cardinals,"$152,452,933",NL Central,83,79,
2018,Cardinals,"$161,010,000",NL Central,88,74,
2019,Cardinals,"$162,830,430",NL Central,91,71,
2020,Cardinals,"$70,452,778",NL Central,30,28,
2021,Cardinals,"$135,047,200",NL Central,90,72,
2022,Cardinals,"$150,746,666",NL Central,93,69,
2023,Cardinals,"$147,770,834",NL Central,71,91,
2024,Cardinals,"$164,301,667",NL Central,83,79,
2025,Cardinals,"$135,860,188",NL Central,78,84,
2016,Reds,"$116,732,284",NL Central,68,94,
2017,Reds,"$93,768,785",NL Central,68,94,
2018,Reds,"$101,190,000",NL Central,67,95,
2019,Reds,"126,423,214",NL Central,75,87,
2020,Reds,"$53,315,987",NL Central,31,29,
2021,Reds,"$118,748,164",NL Central,83,79,
2022,Reds,"$99,580,000",NL Central,62,100,
2023,Reds,"$86,374,500",NL Central,82,80,
2024,Reds,"$88,123,333",NL Central,77,85,
2025,Reds,"$116,673,117",NL Central,83,79,
2016,Cubs,"$116,654,522",NL Central,103,58,
2017,Cubs,"$172,189,880",NL Central,92,70,
2018,Cubs,"$183,460,000",NL Central,95,68,
2019,Cubs,"$210,358,488",NL Central,84,78,
2020,Cubs,"$76,166,963",NL Central,34,26,
2021,Cubs,"$149,665,500",NL Central,71,91,
2022,Cubs,"$130,560,000",NL Central,74,88,
2023,Cubs,"$180,115,000",NL Central,83,79,
2024,Cubs,"$216,330,000",NL Central,83,79,
2025,Cubs,"$192,720,128",NL Central,92,70,
2016,Orioles,"$115,587,632",AL East,89,73,
2017,Orioles,"$163,676,616",AL East,75,87,
2018,Orioles,"$143,090,000",AL East,47,115,
2019,Orioles,"$72,722,906",AL East,54,108,
2020,Orioles,"$23,918,577",AL East,25,35,
2021,Orioles,"$45,701,135",AL East,52,110,
2022,Orioles,"$30,221,166",AL East,83,79,
2023,Orioles,"$64,907,966",AL East,101,61,
2024,Orioles,"$94,495,168",AL East,91,71,
2025,Orioles,"164,267,878",AL East,75,87,
2016,Royals,"$112,914,525",AL Central,81,81,
2017,Royals,"$140,925,250",AL Central,80,82,
2018,Royals,"$129,920,000",AL Central,58,104,
2019,Royals,"$100,658,316",AL Central,59,103,
2020,Royals,"$35,631,531",AL Central,26,34,
2021,Royals,"$87,779,400",AL Central,74,88,
2022,Royals,"$74,110,000",AL Central,65,97,
2023,Royals,"$75,825,000",AL Central,56,106,
2024,Royals,"$105,219,570",AL Central,86,76,
2025,Royals,"$126,410,770",AL Central,82,80,
2016,Padres,"$112,895,700",NL West,68,94,
2017,Padres,"$71,624,400",NL West,71,91,
2018,Padres,"$96,130,000",NL West,66,96,
2019,Padres,"$99,205,017",NL West,70,92,
2020,Padres,"$69,465,574",NL West,37,23,
2021,Padres,"$171,686,600",NL West,79,83,
2022,Padres,"$208,772,618",NL West,89,73,
2023,Padres,"$236,962,024",NL West,82,80,
2024,Padres,"$153,765,453",NL West,93,69,
2025,Padres,"$209,332,417",NL West,90,72,
2016,Twins,"$108,262,000",AL Central,59,103,
2017,Twins,"$108,077,500",AL Central,85,77,
2018,Twins,"$131,910,000",AL Central,78,84,
2019,Twins,"$121,276,933",AL Central,101,61,
2020,Twins,"$48,747,770",AL Central,36,24,
2021,Twins,"$121,003,834",AL Central,73,89,
2022,Twins,"$110,859,524",AL Central,78,84,
2023,Twins,"$141,271,190",AL Central,87,75,
2024,Twins,"$118,886,590",AL Central,82,80,
2025,Twins,"$145,863,554",AL Central,70,92,
2016,Mets,"$99,626,453",NL East,87,75,
2017,Mets,"$155,187,460",NL East,70,92,
2018,Mets,"$154,610,000",NL East,77,85,
2019,Mets,"$158,999,270",NL East,86,76,
2020,Mets,"$80,296,949",NL East,26,34,
2021,Mets,"$167,415,024",NL East,77,85,
2022,Mets,"$253,119,999",NL East,101,61,
2023,Mets,"$334,233,332",NL East,75,87,
2024,Mets,"$301,731,074",NL East,89,73,
2025,Mets,"$321,594,220",NL East,83,79,
2016,White Sox,"$98,712,867",AL Central,78,84,
2017,White Sox,"$99,119,770",AL Central,67,95,
2018,White Sox,"$72,180,000",AL Central,62,100,
2019,White Sox,"$89,354,534",AL Central,72,89,
2020,White Sox,"$51,404,630",AL Central,35,25,
2021,White Sox,"$125,987,500",AL Central,93,69,
2022,White Sox,"$181,660,734",AL Central,81,81,
2023,White Sox,"$180,911,666",AL Central,61,101,
2024,White Sox,"$117,773,333",AL Central,41,121,
2025,White Sox,"$73,703,990",AL Central,60,102,
2016,Brewers,"$98,683,035",NL Central,73,89,
2017,Brewers,"$63,061,300",NL Central,86,76,
2018,Brewers,"$90,240,000",NL Central,96,67,
2019,Brewers,"$124,755,400",NL Central,89,73,
2020,Brewers,"$39,405,276",NL Central,29,31,
2021,Brewers,"$87,569,366",NL Central,95,67,
2022,Brewers,"$122,281,128",NL Central,86,76,
2023,Brewers,"$108,644,960",NL Central,92,70,
2024,Brewers,"$94,484,960",NL Central,93,69,
2025,Brewers,"$110,839,368",NL Central,96,65,
2016,Rockies,"$98,261,171",NL West,75,87,
2017,Rockies,"$130,963,571",NL West,87,75,
2018,Rockies,"$141,340,000",NL West,91,72,
2019,Rockies,"$147,433,009",NL West,71,91,
2020,Rockies,"$60,330,370",NL West,26,34,
2021,Rockies,"$103,986,666",NL West,74,87,
2022,Rockies,"$129,452,166",NL West,68,94,
2023,Rockies,"$166,250,466",NL West,59,103,
2024,Rockies,"$134,099,285",NL West,61,101,
2025,Rockies,"$121,474,126",NL West,43,119,
2016,Braves,"$87,622,648",NL East,68,93,
2017,Braves,"$112,437,541",NL East,72,90,
2018,Braves,"$120,540,000",NL East,90,72,
2019,Braves,"$113,778,369",NL East,97,65,
2020,Braves,"$66,275,488",NL East,35,25,
2021,Braves,"$134,459,435",NL East,88,73,
2022,Braves,"$173,935,000",NL East,101,61,
2023,Braves,"$199,727,500",NL East,104,58,
2024,Braves,"$225,315,000",NL East,89,73,
2025,Braves,"$215,256,393",NL East,76,86,
2016,Guardians,"$86,339,067",AL Central,94,67,
2017,Guardians,"$124,861,165",AL Central,102,60,
2018,Guardians,"$134,350,000",AL Central,91,71,
2019,Guardians,"$119,241,701",AL Central,93,69,
2020,Guardians,"$37,642,966",AL Central,35,25,
2021,Guardians,"$46,833,300",AL Central,80,82,
2022,Guardians,"$42,310,000",AL Central,92,70,
2023,Guardians,"$75,010,000",AL Central,76,86,
2024,Guardians,"$86,433,928",AL Central,92,69,
2025,Guardians,"$99,590,961",AL Central,88,74,
2016,Pirates,"$85,885,832",NL Central,78,83,
2017,Pirates,"$100,575,946",NL Central,75,87,
2018,Pirates,"$87,880,000",NL Central,82,79,
2019,Pirates,"$76,589,154",NL Central,69,93,
2020,Pirates,"$24,770,928",NL Central,19,41,
2021,Pirates,"$35,905,000",NL Central,61,101,
2022,Pirates,"$37,875,000",NL Central,62,100,
2023,Pirates,"$60,787,500",NL Central,76,86,
2024,Pirates,"$72,014,000",NL Central,76,86,
2025,Pirates,"$83,761,012",NL Central,71,91,
2016,Marlins,"$84,637,500",NL East,79,82,
2017,Marlins,"$111,881,100",NL East,77,85,
2018,Marlins,"$98,640,000",NL East,63,98,
2019,Marlins,"$72,449,404",NL East,57,105,
2020,Marlins,"$28,560,819",NL East,31,29,
2021,Marlins,"$49,425,000",NL East,67,95,
2022,Marlins,"$69,000,000",NL East,69,93,
2023,Marlins,"$81,075,000",NL East,84,78,
2024,Marlins,"$83,710,000",NL East,62,100,
2025,Marlins,"$68,004,097",NL East,79,83,
2016,Athletics,"$80,279,166",AL West,69,93,
2017,Athletics,"$81,738,333",AL West,75,87,
2018,Athletics,"$68,530,000",AL West,97,65,
2019,Athletics,"$99,205,017",AL West,97,65,
2020,Athletics,"$35,520,598",AL West,36,24,
2021,Athletics,"$74,615,000",AL West,86,76,
2022,Athletics,"$32,548,334",AL West,60,102,
2023,Athletics,"$43,145,000",AL West,50,112,
2024,Athletics,"$47,905,000",AL West,69,93,
2025,Athletics,"$74,036,474",AL West,76,86,
2016,Rays,"$73,649,584",AL East,68,94,
2017,Rays,"$69,962,532",AL East,80,82,
2018,Rays,"$78,730,000",AL East,90,72,
2019,Rays,"$60,444,931",AL East,96,66,
2020,Rays,"$28,735,222",AL East,40,20,
2021,Rays,"$60,388,600",AL East,100,62,
2022,Rays,"$75,347,813",AL East,86,76,
2023,Rays,"$64,652,911",AL East,99,63,
2024,Rays,"$88,066,012",AL East,80,82,
2025,Rays,"$88,729,437",AL East,77,85,
2016,Diamondbacks,"$70,762,833",NL West,69,93,
2017,Diamondbacks,"$93,257,600",NL West,93,69,
2018,Diamondbacks,"$132,500,000",NL West,82,80,
2019,Diamondbacks,"$123,932,983",NL West,85,77,
2020,Diamondbacks,"$64,201,669",NL West,25,35,
2021,Diamondbacks,"$89,077,233",NL West,52,100,
2022,Diamondbacks,"$75,993,333",NL West,74,88,
2023,Diamondbacks,"$112,763,571",NL West,84,78,
2024,Diamondbacks,"$156,511,716",NL West,89,73,
2025,Diamondbacks,"$184,159,359",NL West,80,82,
2016,Astros,"$69,064,200",AL West,84,78,
2017,Astros,"$124,343,900",AL West,101,61,
2018,Astros,"$160,040,000",AL West,103,59,
2019,Astros,"$160,774,666",AL West,107,55,
2020,Astros,"$81,848,621",AL West,29,31,
2021,Astros,"$171,018,567",AL West,95,67,
2022,Astros,"$163,939,599",AL West,106,56,
2023,Astros,"$180,888,333",AL West,90,72,
2024,Astros,"$237,303,141",AL West,88,73,
2025,Astros,"$218,642,604",AL West,87,75,