YEAR,TEAM,TEAM SPENDING,DIVISION,WINS,LOSSES,* DATA COURTESY OF FOOTBALL REFERENCE & SPOTRAC*
2016,Bills,159.7M,AFC East,7,9,
2017,Bills,149.0M,AFC East,9,7,
2018,Bills,154.4M,AFC East,6,10,
2019,Bills,186.3M,AFC East,10,6,
2020,Bills,223.2M,AFC East,13,3,
2021,Bills,225.6M,AFC East,11,6,
2022,Bills,276.2M,AFC East,13,3,
2023,Bills,282.4M,AFC East,11,6,
2024,Bills,285.3M,AFC East,13,4,
2025,Bills,342.5M,AFC East,12,5,
2016,Patriots,140.0M,AFC East,14,2,
2017,Patriots,179.9M,AFC East,13,3,
2018,Patriots,178.2M,AFC East,11,5,
2019,Patriots,202.2M,AFC East,12,4,
2020,Patriots,164.1M,AFC East,7,9,
2021,Patriots,235.1M,AFC East,10,7,
2022,Patriots,209.9M,AFC East,8,9,
2023,Patriots,196.7M,AFC East,4,13,
2024,Patriots,284.8M,AFC East,4,13,
2025,Patriots,314.5M,AFC East,14,3,
2016,Dolphins,142.4M,AFC East,10,6,
2017,Dolphins,188.3M,AFC East,6,10,
2018,Dolphins,173.9M,AFC East,7,9,
2019,Dolphins,156.3M,AFC East,5,11,
2020,Dolphins,232.3M,AFC East,10,6,
2021,Dolphins,208.2M,AFC East,9,8,
2022,Dolphins,255.1M,AFC East,9,8,
2023,Dolphins,263.6M,AFC East,11,6,
2024,Dolphins,319.4M,AFC East,8,9,
2025,Dolphins,313.5M,AFC East,7,10,
2016,Jets,173.1M,AFC East,5,11,
2017,Jets,139.4M,AFC East,5,11,
2018,Jets,183.7M,AFC East,4,12,
2019,Jets,203.5M,AFC East,7,9,
2020,Jets,180.0M,AFC East,2,14,
2021,Jets,202.6M,AFC East,4,13,
2022,Jets,259.6M,AFC East,7,10,
2023,Jets,280.8M,AFC East,7,10,
2024,Jets,268.7M,AFC East,5,12,
2025,Jets,256.7M,AFC East,3,14,
2016,Ravens,166.6M,AFC North,8,8,
2017,Ravens,157.3M,AFC North,9,7,
2018,Ravens,146.9M,AFC North,10,6,
2019,Ravens,193.8M,AFC North,14,2,
2020,Ravens,222.4M,AFC North,11,5,
2021,Ravens,216.2M,AFC North,8,9,
2022,Ravens,226.3M,AFC North,10,7,
2023,Ravens,292.5M,AFC North,13,4,
2024,Ravens,257.0M,AFC North,12,5,
2025,Ravens,313.5M,AFC North,8,9,
2016,Steelers,144.8M,AFC North,11,5,
2017,Steelers,162.0M,AFC North,13,3,
2018,Steelers,177.7M,AFC North,9,6,
2019,Steelers,205.3M,AFC North,8,8,
2020,Steelers,187.1M,AFC North,12,4,
2021,Steelers,181.3M,AFC North,9,7,
2022,Steelers,228.5M,AFC North,9,8,
2023,Steelers,231.6M,AFC North,10,7,
2024,Steelers,225.5M,AFC North,10,7,
2025,Steelers,305.0M,AFC North,10,7,
2016,Bengals,152.2M,AFC North,6,9,
2017,Bengals,160.4M,AFC North,7,9,
2018,Bengals,187.9M,AFC North,6,10,
2019,Bengals,198.0M,AFC North,2,14,
2020,Bengals,234.6M,AFC North,4,11,
2021,Bengals,196.9M,AFC North,10,7,
2022,Bengals,193.4M,AFC North,12,4,
2023,Bengals,258.8M,AFC North,9,8,
2024,Bengals,289.5M,AFC North,9,8,
2025,Bengals,293.3M,AFC North,6,11,
2016,Browns,114.9M,AFC North,1,15,
2017,Browns,185.5M,AFC North,0,16,
2018,Browns,207.1M,AFC North,7,8,
2019,Browns,183.3M,AFC North,6,10,
2020,Browns,225.3M,AFC North,11,5,
2021,Browns,238.9M,AFC North,8,9,
2022,Browns,278.1M,AFC North,7,10,
2023,Browns,293.5M,AFC North,11,6,
2024,Browns,345.7M,AFC North,3,14,
2025,Browns,319.7M,AFC North,5,12,
2016,Texans,147.1M,AFC South,9,7,
2017,Texans,141.3M,AFC South,4,12,
2018,Texans,163.0M,AFC South,11,5,
2019,Texans,202.6M,AFC South,10,6,
2020,Texans,261.7M,AFC South,4,12,
2021,Texans,185.9M,AFC South,4,13,
2022,Texans,207.7M,AFC South,3,13,
2023,Texans,282.4M,AFC South,10,7,
2024,Texans,295.8M,AFC South,10,7,
2025,Texans,310.9M,AFC South,12,5,
2016,Colts,158.9M,AFC South,8,8,
2017,Colts,155.8M,AFC South,4,12,
2018,Colts,147.2M,AFC South,10,6,
2019,Colts,192.8M,AFC South,7,9,
2020,Colts,221.8M,AFC South,11,5,
2021,Colts,223.6M,AFC South,9,8,
2022,Colts,219.9M,AFC South,4,12,
2023,Colts,239.6M,AFC South,9,8,
2024,Colts,259.3M,AFC South,8,9,
2025,Colts,306.6M,AFC South,8,9,
2016,Titans,141.5M,AFC South,9,7,
2017,Titans,167.0M,AFC South,9,7,
2018,Titans,187.4M,AFC South,9,7,
2019,Titans,209.5M,AFC South,9,7,
2020,Titans,220.9M,AFC South,11,5,
2021,Titans,203.9M,AFC South,12,5,
2022,Titans,238.2M,AFC South,7,10,
2023,Titans,221.6M,AFC South,6,11,
2024,Titans,258.0M,AFC South,3,14,
2025,Titans,280.6M,AFC South,3,14,
2016,Jaguars,168.5M,AFC South,3,13,
2017,Jaguars,181.6M,AFC South,10,6,
2018,Jaguars,216.3M,AFC South,5,11,
2019,Jaguars,203.4M,AFC South,6,10,
2020,Jaguars,168.4M,AFC South,1,15,
2021,Jaguars,216.3M,AFC South,3,14,
2022,Jaguars,257.9M,AFC South,9,8,
2023,Jaguars,241.4M,AFC South,9,8,
2024,Jaguars,318.2M,AFC South,4,13,
2025,Jaguars,351.3M,AFC South,13,4,
2016,Chiefs,173.2M,AFC West,12,4,
2017,Chiefs,159.6M,AFC West,10,6,
2018,Chiefs,182.3M,AFC West,12,4,
2019,Chiefs,181.5M,AFC West,12,4,
2020,Chiefs,202.8M,AFC West,14,2,
2021,Chiefs,203.6M,AFC West,12,5,
2022,Chiefs,223.1M,AFC West,14,3,
2023,Chiefs,240.1M,AFC West,11,6,
2024,Chiefs,293.8M,AFC West,15,2,
2025,Chiefs,326.3M,AFC West,6,11,
2016,Broncos,179.4M,AFC West,9,7,
2017,Broncos,154.6M,AFC West,5,11,
2018,Broncos,197.3M,AFC West,6,10,
2019,Broncos,182.4M,AFC West,7,9,
2020,Broncos,206.0M,AFC West,5,11,
2021,Broncos,201.5M,AFC West,7,10,
2022,Broncos,240.9M,AFC West,5,12,
2023,Broncos,230.5M,AFC West,8,9,
2024,Broncos,268.1M,AFC West,10,7,
2025,Broncos,319.2M,AFC West,14,3,
2016,Chargers,171.0M,AFC West,5,11,
2017,Chargers,159.9M,AFC West,9,7,
2018,Chargers,161.2M,AFC West,12,4,
2019,Chargers,166.0M,AFC West,5,11,
2020,Chargers,247.1M,AFC West,7,9,
2021,Chargers,178.1M,AFC West,9,8,
2022,Chargers,260.0M,AFC West,10,7,
2023,Chargers,246.2M,AFC West,5,12,
2024,Chargers,238.9M,AFC West,11,6,
2025,Chargers,302.7M,AFC West,11,6,
2016,Raiders,159.5M,AFC West,12,4,
2017,Raiders,171.9M,AFC West,6,10,
2018,Raiders,184.2M,AFC West,4,12,
2019,Raiders,189.9M,AFC West,7,9,
2020,Raiders,234.9M,AFC West,8,8,
2021,Raiders,196.8M,AFC West,10,7,
2022,Raiders,222.0M,AFC West,6,11,
2023,Raiders,248.0M,AFC West,8,9,
2024,Raiders,213.4M,AFC West,4,13,
2025,Raiders,280.4M,AFC West,3,14,
2016,Commanders,149.9M,NFC East,8,7,
2017,Commanders,182.5M,NFC East,7,9,
2018,Commanders,186.1M,NFC East,7,9,
2019,Commanders,173.4M,NFC East,3,13,
2020,Commanders,202.7M,NFC East,7,9,
2021,Commanders,226.2M,NFC East,7,10,
2022,Commanders,212.4M,NFC East,8,8,
2023,Commanders,205.5M,NFC East,4,13,
2024,Commanders,273.6M,NFC East,12,5,
2025,Commanders,303.5M,NFC East,5,12,
2016,Eagles,210.4M,NFC East,7,9,
2017,Eagles,174.5M,NFC East,13,3,
2018,Eagles,169.2M,NFC East,9,7,
2019,Eagles,216.8M,NFC East,9,7,
2020,Eagles,240.2M,NFC East,4,11,
2021,Eagles,219.5M,NFC East,9,8,
2022,Eagles,229.1M,NFC East,14,3,
2023,Eagles,257.0M,NFC East,11,6,
2024,Eagles,321.8M,NFC East,14,3,
2025,Eagles,292.3M,NFC East,11,6,
2016,Cowboys,162.3M,NFC East,13,3,
2017,Cowboys,148.7M,NFC East,9,7,
2018,Cowboys,150.5M,NFC East,10,6,
2019,Cowboys,193.6M,NFC East,8,8,
2020,Cowboys,249.8M,NFC East,6,10,
2021,Cowboys,261.6M,NFC East,12,5,
2022,Cowboys,195.1M,NFC East,12,5,
2023,Cowboys,260.7M,NFC East,12,5,
2024,Cowboys,282.5M,NFC East,7,10,
2025,Cowboys,323.8M,NFC East,7,9,
2016,Giants,168.9M,NFC East,11,5,
2017,Giants,164.4M,NFC East,3,13,
2018,Giants,188.9M,NFC East,5,11,
2019,Giants,186.0M,NFC East,4,12,
2020,Giants,193.6M,NFC East,6,10,
2021,Giants,206.9M,NFC East,4,13,
2022,Giants,197.6M,NFC East,9,7,
2023,Giants,262.7M,NFC East,6,11,
2024,Giants,267.1M,NFC East,3,14,
2025,Giants,307.8M,NFC East,4,13,
2016,Packers,144.3M,NFC North,10,6,
2017,Packers,177.9M,NFC North,7,9,
2018,Packers,205.3M,NFC North,6,9,
2019,Packers,201.3M,NFC North,13,3,
2020,Packers,227.6M,NFC North,13,3,
2021,Packers,186.2M,NFC North,13,4,
2022,Packers,282.8M,NFC North,8,9,
2023,Packers,215.4M,NFC North,9,8,
2024,Packers,276.5M,NFC North,11,6,
2025,Packers,304.1M,NFC North,9,7,
2016,Lions,148.9M,NFC North,9,7,
2017,Lions,203.2M,NFC North,9,7,
2018,Lions,157.7M,NFC North,6,10,
2019,Lions,209.8M,NFC North,3,12,
2020,Lions,200.8M,NFC North,5,11,
2021,Lions,199.4M,NFC North,3,13,
2022,Lions,231.1M,NFC North,9,8,
2023,Lions,215.3M,NFC North,12,5,
2024,Lions,315.9M,NFC North,15,2,
2025,Lions,302.7M,NFC North,9,8,
2016,Vikings,159.8M,NFC North,8,8,
2017,Vikings,168.7M,NFC North,13,3,
2018,Vikings,218.1M,NFC North,8,7,
2019,Vikings,205.9M,NFC North,10,6,
2020,Vikings,228.7M,NFC North,7,9,
2021,Vikings,191.5M,NFC North,8,9,
2022,Vikings,230.0M,NFC North,13,4,
2023,Vikings,232.2M,NFC North,7,10,
2024,Vikings,279.5M,NFC North,14,3,
2025,Vikings,345.8M,NFC North,9,8,
2016,Bears,158.0M,NFC North,3,13,
2017,Bears,175.4M,NFC North,5,11,
2018,Bears,237.3M,NFC North,12,4,
2019,Bears,180.7M,NFC North,8,8,
2020,Bears,228.5M,NFC North,8,8,
2021,Bears,194.6M,NFC North,6,11,
2022,Bears,146.6M,NFC North,3,14,
2023,Bears,242.1M,NFC North,7,10,
2024,Bears,301.4M,NFC North,5,12,
2025,Bears,312.7M,NFC North,11,6,
2016,Buccaneers,159.1M,NFC South,9,7,
2017,Buccaneers,150.9M,NFC South,5,11,
2018,Buccaneers,192.6M,NFC South,5,11,
2019,Buccaneers,194.5M,NFC South,7,9,
2020,Buccaneers,216.9M,NFC South,11,5,
2021,Buccaneers,265.0M,NFC South,13,4,
2022,Buccaneers,266.3M,NFC South,8,9,
2023,Buccaneers,213.2M,NFC South,9,8,
2024,Buccaneers,256.2M,NFC South,10,7,
2025,Buccaneers,300.1M,NFC South,8,9,
2016,Saints,163.2M,NFC South,7,9,
2017,Saints,156.6M,NFC South,11,5,
2018,Saints,170.7M,NFC South,13,3,
2019,Saints,194.9M,NFC South,13,3,
2020,Saints,253.6M,NFC South,12,4,
2021,Saints,213.3M,NFC South,9,8,
2022,Saints,275.6M,NFC South,7,10,
2023,Saints,262.7M,NFC South,9,8,
2024,Saints,266.4M,NFC South,5,12,
2025,Saints,238.8M,NFC South,6,11,
2016,Falcons,139.7M,NFC South,11,5,
2017,Falcons,175.6M,NFC South,10,6,
2018,Falcons,188.5M,NFC South,7,9,
2019,Falcons,262.7M,NFC South,7,9,
2020,Falcons,205.8M,NFC South,4,12,
2021,Falcons,159.5M,NFC South,7,10,
2022,Falcons,168.5M,NFC South,7,10,
2023,Falcons,263.7M,NFC South,7,10,
2024,Falcons,323.8M,NFC South,8,9,
2025,Falcons,283.1M,NFC South,8,9,
2016,Panthers,126.5M,NFC South,6,10,
2017,Panthers,206.1M,NFC South,11,5,
2018,Panthers,189.3M,NFC South,7,9,
2019,Panthers,183.9M,NFC South,5,11,
2020,Panthers,212.7M,NFC South,5,11,
2021,Panthers,184.5M,NFC South,5,12,
2022,Panthers,237.8M,NFC South,7,10,
2023,Panthers,230.5M,NFC South,2,15,
2024,Panthers,300.6M,NFC South,5,12,
2025,Panthers,292.9M,NFC South,8,9,
2016,Seahawks,141.9M,NFC West,10,5,
2017,Seahawks,180.9M,NFC West,9,7,
2018,Seahawks,164.2M,NFC West,10,6,
2019,Seahawks,179.7M,NFC West,11,5,
2020,Seahawks,221.2M,NFC West,12,4,
2021,Seahawks,206.9M,NFC West,7,10,
2022,Seahawks,239.5M,NFC West,9,8,
2023,Seahawks,258.3M,NFC West,9,8,
2024,Seahawks,229.0M,NFC West,10,7,
2025,Seahawks,260.8M,NFC West,14,3,
2016,49ers,137.0M,NFC West,2,14,
2017,49ers,166.6M,NFC West,6,10,
2018,49ers,202.8M,NFC West,4,12,
2019,49ers,211.7M,NFC West,13,3,
2020,49ers,244.0M,NFC West,6,10,
2021,49ers,231.2M,NFC West,10,7,
2022,49ers,227.9M,NFC West,13,4,
2023,49ers,268.5M,NFC West,12,5,
2024,49ers,334.5M,NFC West,6,11,
2025,49ers,336.0M,NFC West,12,5,
2016,Rams,150.8M,NFC West,4,12,
2017,Rams,155.8M,NFC West,11,5,
2018,Rams,227.1M,NFC West,13,3,
2019,Rams,188.8M,NFC West,9,7,
2020,Rams,215.6M,NFC West,10,6,
2021,Rams,193.4M,NFC West,12,5,
2022,Rams,285.6M,NFC West,5,12,
2023,Rams,185.9M,NFC West,10,7,
2024,Rams,219.1M,NFC West,10,7,
2025,Rams,247.7M,NFC West,12,5,
2016,Cardinals,154.6M,NFC West,7,8,
2017,Cardinals,167.5M,NFC West,8,8,
2018,Cardinals,170.7M,NFC West,3,13,
2019,Cardinals,195.1M,NFC West,5,10,
2020,Cardinals,228.1M,NFC West,8,8,
2021,Cardinals,199.7M,NFC West,11,6,
2022,Cardinals,225.1M,NFC West,4,13,
2023,Cardinals,230.8M,NFC West,4,13,
2024,Cardinals,291.7M,NFC West,8,9,
2025,Cardinals,275.6M,NFC West,3,14,